{"cameraMode":{"drawMode":0,"name":"Shaded","section":"Shading Mode"},"sceneLighting":true,"audioPlay":false,"sceneViewState":{"m_AlwaysRefresh":false,"showFog":true,"showSkybox":true,"showFlares":true,"showImageEffects":true,"showParticleSystems":true,"showVisualEffectGraphs":true,"m_FxEnabled":true},"in2DMode":false,"pivot":{"x":-3.1897687911987306,"y":-1.9209331274032593,"z":0.14035168290138246},"rotation":{"x":0.008255766704678536,"y":-0.3981347978115082,"z":0.0035833001602441074,"w":0.9172829389572144},"size":9.042329788208008,"orthographic":true}